javierfagreda,teresadepeche
elTermostato,teresadepeche
MariFlequis,teresadepeche
Alejandra851976,teresadepeche
lourdesobrull,_83607_
Limonchuh,_83607_
everian777,_83607_
mosky80,_83607_
sempre64,_83607_
Sentid2016Comun,_83607_
Carlota2302,Dani_Fabra
FatimaDelOlmo,Dani_Fabra
jordievole,Dani_Fabra
javierfagreda,superzotax
palimoka,superzotax
AngryGalician,jordievole
MariaTenorio17,jordievole
FinMata,jordievole
EncarnaAmigoSER,OvidioRodeiro
tucofreire,OvidioRodeiro
YolandaCorgo,OvidioRodeiro
FdezMariola,OvidioRodeiro
EduCGalvan,OvidioRodeiro
21_couto,OvidioRodeiro
ppgvig,OvidioRodeiro
SanRGalafate,OvidioRodeiro
auroracanizares,OvidioRodeiro
NBAMaria38,OvidioRodeiro
EvaJardn,OvidioRodeiro
DReinero,OvidioRodeiro
OPoyF,OvidioRodeiro
ToGallego,OvidioRodeiro
manuel_becerrea,OvidioRodeiro
JosePePeRosales,OvidioRodeiro
paulapra2,OvidioRodeiro
MarCarballas,OvidioRodeiro
2011pau,OvidioRodeiro
alexnunez87,OvidioRodeiro
luciapitelhuert,jvep
curra737,mosky80
SocialMaresme,mosky80
chispa34720356,mosky80
caval100,mosky80
Nuri10137949,mosky80
rafagutterrnan,mosky80
Sentid2016Comun,mosky80
carolacaracola5,mosky80
JrealJavireal,mosky80
La_Chimol,mosky80
javierfagreda,mosky80
VientosOrihuela,mosky80
RAFAELLEALSALAZ,mosky80
joanlluis,mosky80
ISMVALSyR,mosky80
albertmaruny,mosky80
Cazatalentos,mosky80
protestona1,mosky80
javierfagreda,ccarbaiedo
reyherrerah,ccarbaiedo
caval100,ccarbaiedo
salvemoscabana,ccarbaiedo
rojacolorada,ccarbaiedo
SergioB54633002,laSextaTV
RdukeRuben,laSextaTV
Fantomasmma,laSextaTV
MarineR14350419,laSextaTV
h_rabunal,KaDevesa
claudiamoran90,KaDevesa
folguista,prazapublica
Sur_sum_corda,prazapublica
David_sand_,prazapublica
paumonterros,prazapublica
Gilianxy,prazapublica
Beautfleur1,prazapublica
ccarbaiedo,prazapublica
IneditaInes,prazapublica
marcosobes,prazapublica
JacintaLaPunky,prazapublica
MargaPerez14,prazapublica
everian777,prazapublica
celsiuspictor,prazapublica
rcko3,prazapublica
QuintansMontero,prazapublica
Kitiara76,prazapublica
Mirito_estevo,prazapublica
marcosferro14,prazapublica
Joseant56346744,prazapublica
RAFAELLEALSALAZ,prazapublica
folguista,MariaGB32242183
caval100,maripax62
joamma,maripax62
tucofreire,manuel_becerrea
EncarnaAmigoSER,manuel_becerrea
paulapra2,manuel_becerrea
21_couto,manuel_becerrea
FdezMariola,manuel_becerrea
Lorenescfan,manuel_becerrea
EvaJardn,manuel_becerrea
JosePePeRosales,manuel_becerrea
alexnunez87,manuel_becerrea
OPoyF,manuel_becerrea
AnaPerezMartin,manuel_becerrea
NBAMaria38,manuel_becerrea
BegoLaserna,manuel_becerrea
ToGallego,manuel_becerrea
OvidioRodeiro,manuel_becerrea
MarCarballas,manuel_becerrea
luciapitelhuert,fer2365
javierfagreda,fer2365
RepixPix,fer2365
bedmar_pere,fer2365
AngryGalician,fer2365
SocialMaresme,fer2365
LoLlamanCrisis,fer2365
maria_mariht,fer2365
belindassoy,fer2365
CamelloDeRivera,fer2365
SoyAbuelitaPaz,fer2365
caval100,fer2365
VientosOrihuela,fer2365
JrealJavireal,fer2365
Rosablanca1965,fer2365
pepito_grillo55,fer2365
seluirodriguez,fer2365
solounahormiga,rcko3
_Juan__A,rcko3
elTermostato,rcko3
pilar212121,rcko3
SocialMaresme,rcko3
SedeMafia,rcko3
quinbroquil,rcko3
carmesarra,rcko3
cazamedrentes,rcko3
libertas3800,rcko3
Ruben288397261,rcko3
LauraPalmerT,rcko3
rafagutterrnan,rcko3
brandydh22,rcko3
AxturCelta,rcko3
nalalop,rcko3
monograficotwit,rcko3
luciapitelhuert,rcko3
Sentid2016Comun,rcko3
nedjar62,rcko3
manubertran10,rcko3
maslibroz,rcko3
QVEF_Islote_Per,rcko3
RamonTaraz,rcko3
VayekanadeAlba,rcko3
jltosco,rcko3
velajimenez69,rcko3
Yemanjauno,rcko3
menudotiarro,rcko3
javierfagreda,rcko3
Alejandra851976,rcko3
Francis98204014,rcko3
reginadorubia,rcko3
JrealJavireal,rcko3
PanPanizo,rcko3
YoCambio20D,JL_SR2015
monograficotwit,JL_SR2015
EinarJavier,JL_SR2015
manubertran10,JL_SR2015
AnaArizaga,JL_SR2015
Mari_Sol_GH,JL_SR2015
garciahidalgo71,JL_SR2015
MarBcn04,JL_SR2015
jose_elrubio54,JL_SR2015
belindassoy,JL_SR2015
abeijon47,JL_SR2015
walon716,JL_SR2015
purpureamemoria,JL_SR2015
kikupipo,JL_SR2015
QVEF_Islote_Per,JL_SR2015
CamelloDeRivera,JL_SR2015
Sentid2016Comun,JL_SR2015
Rosablanca1965,JL_SR2015
javierfagreda,JL_SR2015
VayekanadeAlba,JL_SR2015
Kela_la_la,JL_SR2015
Cazatalentos,JL_SR2015
JohnnyWTF_max,JL_SR2015
homopestis,JL_SR2015
maria_mariht,JL_SR2015
RepixPix,JL_SR2015
protestona1,JL_SR2015
carolacaracola5,JL_SR2015
VientosOrihuela,JL_SR2015
pintax99,JL_SR2015
cleosagas1,JL_SR2015
seluirodriguez,JL_SR2015
aldiaes,JL_SR2015
everian777,JL_SR2015
kakanariu,JL_SR2015
brandydh22,JL_SR2015
ccarbaiedo,JL_SR2015
menudotiarro,JL_SR2015
NuevaRevoluci0n,JL_SR2015
nalalop,JL_SR2015
ISMVALSyR,JL_SR2015
colorady2015,JL_SR2015
SanRGalafate,Z12_Antonio
PP_Redes,alexnunez87
Sufridor361,alexnunez87
EncarnaAmigoSER,alexnunez87
KikeMlaga,alexnunez87
SanRGalafate,alexnunez87
JosePePeRosales,alexnunez87
tucofreire,alexnunez87
EduCGalvan,alexnunez87
21_couto,alexnunez87
Lorenescfan,alexnunez87
YolandaCorgo,alexnunez87
BegoLaserna,alexnunez87
auroracanizares,alexnunez87
ppgvig,alexnunez87
AnaPerezMartin,alexnunez87
FdezMariola,alexnunez87
ToGallego,alexnunez87
EvaJardn,alexnunez87
2011pau,alexnunez87
NBAMaria38,alexnunez87
MarCarballas,alexnunez87
OvidioRodeiro,alexnunez87
paulapra2,alexnunez87
rafagutterrnan,blogsJusticia
ney673,blogsJusticia
alternativaxus,blogsJusticia
caval100,blogsJusticia
MarBcn04,Sentid2016Comun
Xielox1,Sentid2016Comun
RomanSeixo,Sentid2016Comun
SedeMafia,Sentid2016Comun
Beautfleur1,Sentid2016Comun
AngryGalician,Sentid2016Comun
seluirodriguez,Sentid2016Comun
Mari_Sol_GH,Sentid2016Comun
cleosagas1,Sentid2016Comun
irailazken,Sentid2016Comun
luciapitelhuert,Sentid2016Comun
IMPECABLE10,Sentid2016Comun
jlmolpeceresn,Sentid2016Comun
7albatros,Sentid2016Comun
FranGallRuiz,Sentid2016Comun
FarinaRebo,Sentid2016Comun
everian777,Sentid2016Comun
ALF_2000,Sentid2016Comun
azukikiyo,Sentid2016Comun
SeijoDani,Sentid2016Comun
patrimarly,Sentid2016Comun
SoyAbuelitaPaz,Sentid2016Comun
Berkhl,Sentid2016Comun
esteren3onidos,Sentid2016Comun
kikupipo,Sentid2016Comun
LoLlamanCrisis,Sentid2016Comun
velajimenez69,Sentid2016Comun
Lorenescfan,FdezMariola
PP_Redes,FdezMariola
mpilarita4121,FdezMariola
EncarnaAmigoSER,FdezMariola
2011pau,FdezMariola
21_couto,FdezMariola
bpgem,FdezMariola
EvaJardn,FdezMariola
ppgvig,FdezMariola
OvidioRodeiro,FdezMariola
JosePePeRosales,FdezMariola
BegoLaserna,FdezMariola
manuel_becerrea,FdezMariola
SanRGalafate,FdezMariola
NBAMaria38,FdezMariola
KikeMlaga,FdezMariola
alexnunez87,FdezMariola
paulapra2,FdezMariola
AlieNomPuto,_Juan__A
pepito_grillo55,_Juan__A
VayekanadeAlba,_Juan__A
Galatinas,_Juan__A
pedro_cordob,_Juan__A
CamelloDeRivera,_Juan__A
savanana05,_Juan__A
IsabelQuintansR,_Juan__A
velajimenez69,_Juan__A
isaprospe,_Juan__A
Maryluz1008,_Juan__A
chispa34720356,_Juan__A
garciahidalgo71,_Juan__A
rcko3,_Juan__A
MLCabezuelo,_Juan__A
javierfagreda,_Juan__A
brandydh22,_Juan__A
AxturCelta,_Juan__A
ISMVALSyR,_Juan__A
nalalop,_Juan__A
Alejandra851976,_Juan__A
sempre64,Virginia_Otis
salvemoscabana,Virginia_Otis
javierfagreda,Virginia_Otis
verdes_brotes,Virginia_Otis
carolacaracola5,La_Chimol
mosky80,La_Chimol
menudotiarro,La_Chimol
SeijoDani,anton_escuredo
NinePazG,anton_escuredo
sara_te,anton_escuredo
prazapublica,anton_escuredo
anamirandapaz,anton_escuredo
alugris,anton_escuredo
SusoMonR,anton_escuredo
denisfmendez,anton_escuredo
PerkinsUnknown,delia_esperante
cris_92,delia_esperante
NBAMaria38,2011pau
PP_Redes,2011pau
Lorenescfan,2011pau
EncarnaAmigoSER,2011pau
SanRGalafate,2011pau
21_couto,2011pau
YolandaCorgo,2011pau
tucofreire,2011pau
FdezMariola,2011pau
EduCGalvan,2011pau
AnaPerezMartin,2011pau
EvaJardn,2011pau
BegoLaserna,2011pau
KikeMlaga,2011pau
MarCarballas,2011pau
JosePePeRosales,2011pau
paulapra2,2011pau
alexnunez87,2011pau
ToGallego,2011pau
OvidioRodeiro,2011pau
Joseant56346744,alternativaxus
folguista,alternativaxus
MariaGB32242183,alternativaxus
ney673,alternativaxus
Vitoquive,alternativaxus
caval100,alternativaxus
blogsJusticia,alternativaxus
geluniet,ISMVALSyR
MLCabezuelo,ISMVALSyR
JacintaLaPunky,ISMVALSyR
luciapitelhuert,ISMVALSyR
isaprospe,ISMVALSyR
SocialMaresme,ISMVALSyR
maitegalega,ISMVALSyR
chispa34720356,ISMVALSyR
mariadenines4,ISMVALSyR
_Juan__A,ISMVALSyR
Nuri10137949,ISMVALSyR
pedro_cordob,ISMVALSyR
rafagutterrnan,ISMVALSyR
Xielox1,ISMVALSyR
CreesQueSoyGili,ISMVALSyR
CamelloDeRivera,ISMVALSyR
RusoMikel,ISMVALSyR
SeijoDani,ISMVALSyR
Ruben288397261,ISMVALSyR
nalalop,ISMVALSyR
pintax99,ISMVALSyR
jltosco,ISMVALSyR
Francis98204014,ISMVALSyR
Sentid2016Comun,ISMVALSyR
homopestis,ISMVALSyR
palimoka,ISMVALSyR
velajimenez69,ISMVALSyR
RepixPix,ISMVALSyR
javierfagreda,ISMVALSyR
kikupipo,ISMVALSyR
garciahidalgo71,ISMVALSyR
NuevaRevoluci0n,ISMVALSyR
cleosagas1,ISMVALSyR
AlieNomPuto,ISMVALSyR
VientosOrihuela,ISMVALSyR
andresnosenada,ISMVALSyR
carolacaracola5,ISMVALSyR
ALF_2000,ISMVALSyR
belindassoy,ISMVALSyR
carmigencar,ISMVALSyR
pepito_grillo55,ISMVALSyR
JL_SR2015,ISMVALSyR
Alejandra851976,ISMVALSyR
altoba1965,ISMVALSyR
mosky80,ISMVALSyR
JrealJavireal,ISMVALSyR
everian777,ISMVALSyR
VayekanadeAlba,ISMVALSyR
Cazatalentos,ISMVALSyR
nanuk60,ISMVALSyR
menudotiarro,ISMVALSyR
azukikiyo,ISMVALSyR
rafagutterrnan,CamelloDeRivera
_Juan__A,CamelloDeRivera
YoCambio20D,CamelloDeRivera
luciapitelhuert,CamelloDeRivera
redskin19633,CamelloDeRivera
JohnnyWTF_max,CamelloDeRivera
Maryluz1008,CamelloDeRivera
RamonTaraz,CamelloDeRivera
velajimenez69,CamelloDeRivera
chispa34720356,CamelloDeRivera
verdes_brotes,CamelloDeRivera
savanana05,CamelloDeRivera
pepito_grillo55,CamelloDeRivera
VientosOrihuela,CamelloDeRivera
MarBcn04,CamelloDeRivera
DINGO40378066,CamelloDeRivera
pedro_cordob,CamelloDeRivera
jose_elrubio54,CamelloDeRivera
abeijon47,CamelloDeRivera
manubertran10,CamelloDeRivera
maria_mariht,CamelloDeRivera
NikoDimitratos,CamelloDeRivera
ISMVALSyR,CamelloDeRivera
AndresM213,CamelloDeRivera
caval100,CamelloDeRivera
homopestis,CamelloDeRivera
maslibroz,CamelloDeRivera
cppu04,CamelloDeRivera
Ruben288397261,CamelloDeRivera
Rosablanca1965,CamelloDeRivera
Cazatalentos,CamelloDeRivera
garciahidalgo71,CamelloDeRivera
JrealJavireal,CamelloDeRivera
ImperioCastilla,CamelloDeRivera
Yemanjauno,CamelloDeRivera
SocialMaresme,CamelloDeRivera
EinarJavier,CamelloDeRivera
seluirodriguez,CamelloDeRivera
Sentid2016Comun,CamelloDeRivera
VayekanadeAlba,CamelloDeRivera
jltosco,CamelloDeRivera
MLCabezuelo,CamelloDeRivera
AlieNomPuto,CamelloDeRivera
carolacaracola5,CamelloDeRivera
QVEF_Islote_Per,CamelloDeRivera
JL_SR2015,CamelloDeRivera
nanuk60,CamelloDeRivera
javierfagreda,CamelloDeRivera
nalalop,CamelloDeRivera
protestona1,CamelloDeRivera
IMPECABLE10,CamelloDeRivera
pintax99,CamelloDeRivera
anamirandapaz,Oscarual
LauraPalmerT,mrswallace87
kaluapiscis,mrswallace87
paulapra2,EvaJardn
YolandaCorgo,EvaJardn
FdezMariola,EvaJardn
panditalibre,EvaJardn
21_couto,EvaJardn
tucofreire,EvaJardn
SanRGalafate,EvaJardn
ToGallego,EvaJardn
alexnunez87,EvaJardn
JosePePeRosales,EvaJardn
NBAMaria38,EvaJardn
OvidioRodeiro,EvaJardn
mestherplaza,EvaJardn
_Juan__A,velajimenez69
Mari_Sol_GH,velajimenez69
garciahidalgo71,velajimenez69
SocialMaresme,velajimenez69
CamelloDeRivera,velajimenez69
Francis98204014,velajimenez69
mariadenines4,velajimenez69
Nuri10137949,velajimenez69
savanana05,velajimenez69
chispa34720356,velajimenez69
azukikiyo,velajimenez69
verdes_brotes,velajimenez69
Ruben288397261,velajimenez69
MLCabezuelo,velajimenez69
Sentid2016Comun,velajimenez69
jose_elrubio54,velajimenez69
abeijon47,velajimenez69
nalalop,velajimenez69
pedro_cordob,velajimenez69
chulita1212,velajimenez69
nanuk60,velajimenez69
andresnosenada,velajimenez69
manubertran10,velajimenez69
VayekanadeAlba,velajimenez69
rcko3,velajimenez69
FaluaRo,velajimenez69
tifanni9,velajimenez69
belindassoy,velajimenez69
javierfagreda,velajimenez69
JohnnyWTF_max,velajimenez69
aldiaes,velajimenez69
everian777,velajimenez69
caval100,velajimenez69
VientosOrihuela,velajimenez69
protestona1,velajimenez69
menudotiarro,velajimenez69
carolacaracola5,velajimenez69
ISMVALSyR,velajimenez69
RusoMikel,garciahidalgo71
savanana05,garciahidalgo71
_Juan__A,garciahidalgo71
sempre64,garciahidalgo71
luciapitelhuert,garciahidalgo71
Maryluz1008,garciahidalgo71
SedeMafia,garciahidalgo71
67redax,garciahidalgo71
javierfagreda,garciahidalgo71
JacintaLaPunky,garciahidalgo71
SocialMaresme,garciahidalgo71
baires1965,garciahidalgo71
mariadenines4,garciahidalgo71
SoyAbuelitaPaz,garciahidalgo71
YoCambio20D,garciahidalgo71
verdes_brotes,garciahidalgo71
AxturCelta,garciahidalgo71
pepito_grillo55,garciahidalgo71
MarBcn04,garciahidalgo71
JL_SR2015,garciahidalgo71
maria_mariht,garciahidalgo71
filete12,garciahidalgo71
jose_elrubio54,garciahidalgo71
maitegalega,garciahidalgo71
perezmuriana1,garciahidalgo71
everian777,garciahidalgo71
Yemanjauno,garciahidalgo71
abeijon47,garciahidalgo71
Francis98204014,garciahidalgo71
manubertran10,garciahidalgo71
purpureamemoria,garciahidalgo71
Ruben288397261,garciahidalgo71
CamelloDeRivera,garciahidalgo71
tifanni9,garciahidalgo71
juliacl60,garciahidalgo71
silversampler,garciahidalgo71
mobilitzada,garciahidalgo71
KikeMlaga,ROSAMARABEZ
villaviridisdh,ROSAMARABEZ
SanRGalafate,ROSAMARABEZ
BegoLaserna,ROSAMARABEZ
sempre64,carmesarra
SocialMaresme,carmesarra
RamonTaraz,carmesarra
nanuk60,carmesarra
andresnosenada,carmesarra
chispa34720356,carmesarra
rcko3,carmesarra
javierfagreda,carmesarra
fer2365,luciapitelhuert
azukikiyo,luciapitelhuert
SedeMafia,luciapitelhuert
jvep,luciapitelhuert
margaritaport10,luciapitelhuert
AlfredoMayfer63,luciapitelhuert
belindassoy,luciapitelhuert
CamelloDeRivera,luciapitelhuert
maria_mariht,luciapitelhuert
pepito_grillo55,luciapitelhuert
menudotiarro,luciapitelhuert
sempre64,luciapitelhuert
JrealJavireal,luciapitelhuert
ISMVALSyR,luciapitelhuert
isaprospe,luciapitelhuert
everian777,luciapitelhuert
AxturCelta,luciapitelhuert
andresnosenada,luciapitelhuert
garciahidalgo71,luciapitelhuert
caval100,luciapitelhuert
VayekanadeAlba,luciapitelhuert
IsabelQuintansR,luciapitelhuert
SocialMaresme,luciapitelhuert
brandydh22,luciapitelhuert
JacintaLaPunky,luciapitelhuert
chispa34720356,luciapitelhuert
manubertran10,luciapitelhuert
MLCabezuelo,luciapitelhuert
savanana05,luciapitelhuert
rcko3,luciapitelhuert
carolacaracola5,luciapitelhuert
h_rabunal,Pilar08065495
Hermogenesconh1,carolacaracola5
David_sand_,carolacaracola5
RomanSeixo,carolacaracola5
prespiputa,carolacaracola5
ConchaCeballos1,carolacaracola5
Beautfleur1,carolacaracola5
Asunpaju4,carolacaracola5
FaluaRo,carolacaracola5
sempre64,carolacaracola5
DINGO40378066,carolacaracola5
7albatros,carolacaracola5
geluniet,carolacaracola5
chispa34720356,carolacaracola5
SedeMafia,carolacaracola5
solounahormiga,carolacaracola5
Manuela34537619,carolacaracola5
Maryluz1008,carolacaracola5
AngryGalician,carolacaracola5
_83607_,carolacaracola5
manoli99999,carolacaracola5
JacintaLaPunky,carolacaracola5
aangelesrubio,carolacaracola5
homopestis,carolacaracola5
rojo_fuertes,carolacaracola5
salvemoscabana,IneditaInes
rafagutterrnan,Cazatalentos
laraaggr,Cazatalentos
Apedirjusticia1,Cazatalentos
BaltarPadre,Cazatalentos
fer2365,Cazatalentos
ALICIABARBA7,Cazatalentos
HernandoIrene,pinelkike
menudotiarro,pinelkike
ISMVALSyR,JacintaLaPunky
pepito_grillo55,JacintaLaPunky
AxturCelta,JacintaLaPunky
menudotiarro,JacintaLaPunky
sempre64,JacintaLaPunky
SocialMaresme,JacintaLaPunky
EinarJavier,JacintaLaPunky
everian777,JacintaLaPunky
luciapitelhuert,JacintaLaPunky
SeijoDani,JacintaLaPunky
abeijon47,JacintaLaPunky
SoyAbuelitaPaz,JacintaLaPunky
jltosco,JacintaLaPunky
SedeMafia,JacintaLaPunky
Maryluz1008,JacintaLaPunky
pilar212121,JacintaLaPunky
RamonTaraz,JacintaLaPunky
solounahormiga,JacintaLaPunky
chispa34720356,JacintaLaPunky
MariFlequis,JacintaLaPunky
garciahidalgo71,JacintaLaPunky
maitegalega,JacintaLaPunky
VayekanadeAlba,JacintaLaPunky
carolacaracola5,JacintaLaPunky
irailazken,JacintaLaPunky
IsabelQuintansR,JacintaLaPunky
JrealJavireal,JacintaLaPunky
rafagutterrnan,JacintaLaPunky
javierfagreda,JacintaLaPunky
Sentid2016Comun,JacintaLaPunky
altoba1965,lovelymessy
VayekanadeAlba,Cadizf0rnian0
Crisbb96,decea_victor
YoCambio20D,DINGO40378066
belindassoy,DINGO40378066
colorady2015,DINGO40378066
RamonTaraz,DINGO40378066
MLCabezuelo,DINGO40378066
luciapitelhuert,DINGO40378066
SocialMaresme,DINGO40378066
sempre64,DINGO40378066
maitegalega,DINGO40378066
SedeMafia,DINGO40378066
carolacaracola5,DINGO40378066
nalalop,DINGO40378066
carmesarra,DINGO40378066
JrealJavireal,DINGO40378066
maria_mariht,DINGO40378066
javierfagreda,DINGO40378066
everian777,DINGO40378066
manoli99999,DINGO40378066
nanuk60,DINGO40378066
bedmar_pere,DINGO40378066
caval100,DINGO40378066
pilar212121,DINGO40378066
Nuri10137949,DINGO40378066
abeijon47,DINGO40378066
breadfan33,DINGO40378066
monograficotwit,DINGO40378066
chispa34720356,DINGO40378066
VientosOrihuela,DINGO40378066
Mari_Sol_GH,DINGO40378066
MarBcn04,DINGO40378066
savanana05,DINGO40378066
VayekanadeAlba,DINGO40378066
menudotiarro,DINGO40378066
pedro_cordob,DINGO40378066
Ruben288397261,DINGO40378066
verdes_brotes,DINGO40378066
CamelloDeRivera,DINGO40378066
luciapitelhuert,AlfredoMayfer63
manubertran10,AlfredoMayfer63
VayekanadeAlba,AlfredoMayfer63
verdes_brotes,AlfredoMayfer63
Cazatalentos,tiglesias28
menudotiarro,PenelopeAYAS
belindassoy,PenelopeAYAS
carolacaracola5,PenelopeAYAS
azukikiyo,PenelopeAYAS
tono58,PenelopeAYAS
jorgenavasalejo,PenelopeAYAS
caval100,PenelopeAYAS
luciapitelhuert,everian777
JacintaLaPunky,everian777
Maryluz1008,everian777
SedeMafia,everian777
chispa34720356,everian777
Manuela34537619,everian777
geluniet,everian777
patrimarly,everian777
juliacl60,everian777
_83607_,everian777
Sentid2016Comun,everian777
Nuri10137949,everian777
MLCabezuelo,everian777
abeijon47,everian777
jltosco,everian777
AxturCelta,everian777
maitegalega,everian777
IsabelQuintansR,everian777
irailazken,everian777
perezmuriana1,everian777
jose_elrubio54,everian777
P_AlicanteOeste,everian777
filete12,everian777
Ruben288397261,everian777
jmcorpas,protestona1
MarineroGracia,protestona1
RdukeRuben,protestona1
MariaGB32242183,protestona1
Apedirjusticia1,protestona1
teresadepeche,protestona1
PilarVaqueroV,protestona1
andresnosenada,redskin19633
RomanSeixo,redskin19633
CamelloDeRivera,redskin19633
javierfagreda,redskin19633
nalalop,redskin19633
SocialMaresme,redskin19633
manubertran10,redskin19633
homopestis,redskin19633
7albatros,redskin19633
Cazatalentos,redskin19633
caval100,redskin19633
solounahormiga,baires1965
AndresM213,baires1965
SocialMaresme,baires1965
MLCabezuelo,baires1965
javierfagreda,baires1965
VayekanadeAlba,baires1965
garciahidalgo71,baires1965
carolacaracola5,joamma
h_rabunal,joamma
NinePazG,joamma
maripax62,joamma
carolacaracola5,carlosquiven
JrealJavireal,erjubilao
javierfagreda,erjubilao
manubertran10,erjubilao
AngryGalician,Francis98204014
solounahormiga,Francis98204014
SocialMaresme,Francis98204014
isaprospe,Francis98204014
MLCabezuelo,Francis98204014
andresnosenada,Francis98204014
chispa34720356,Francis98204014
nanuk60,Francis98204014
velajimenez69,Francis98204014
homopestis,Francis98204014
mariadenines4,Francis98204014
VayekanadeAlba,Francis98204014
EinarJavier,Francis98204014
YoCambio20D,Francis98204014
Xielox1,Francis98204014
Cazatalentos,Francis98204014
7albatros,Francis98204014
abeijon47,Francis98204014
VientosOrihuela,Francis98204014
manubertran10,Francis98204014
manza3983,Francis98204014
JrealJavireal,Francis98204014
Sentid2016Comun,Francis98204014
carolacaracola5,Francis98204014
belindassoy,Francis98204014
Yemanjauno,Francis98204014
ISMVALSyR,Francis98204014
RamonTaraz,Francis98204014
IsabelQuintansR,Francis98204014
curra737,Francis98204014
everian777,Francis98204014
garciahidalgo71,Francis98204014
menudotiarro,Francis98204014
Alejandra851976,Francis98204014
rcko3,Francis98204014
javierfagreda,Francis98204014
caval100,Francis98204014
kikupipo,Francis98204014
pepito_grillo55,Francis98204014
protestona1,Francis98204014
capadociados,EduCGalvan
SanRGalafate,EduCGalvan
YolandaCorgo,EduCGalvan
KikeMlaga,EduCGalvan
panditalibre,EduCGalvan
tucofreire,EduCGalvan
auroracanizares,EduCGalvan
NBAMaria38,EduCGalvan
21_couto,EduCGalvan
alexnunez87,EduCGalvan
OvidioRodeiro,EduCGalvan
2011pau,EduCGalvan
2011pau,NBAMaria38
ppgvig,NBAMaria38
PP_Redes,NBAMaria38
0d5909f1f9a4455,NBAMaria38
capadociados,NBAMaria38
EduCGalvan,NBAMaria38
tucofreire,NBAMaria38
auroracanizares,NBAMaria38
YolandaCorgo,NBAMaria38
FdezMariola,NBAMaria38
4444isa,NBAMaria38
EvaJardn,NBAMaria38
JosePePeRosales,NBAMaria38
manuel_becerrea,NBAMaria38
AnaPerezMartin,NBAMaria38
OvidioRodeiro,NBAMaria38
SanRGalafate,NBAMaria38
BegoLaserna,NBAMaria38
alexnunez87,NBAMaria38
KikeMlaga,NBAMaria38
carmesarra,QVEF_Islote_Per
Vitoquive,QVEF_Islote_Per
andres_cartero,QVEF_Islote_Per
manubertran10,QVEF_Islote_Per
YoCambio20D,QVEF_Islote_Per
reginadorubia,QVEF_Islote_Per
silversampler,QVEF_Islote_Per
Ruben288397261,QVEF_Islote_Per
wase95,QVEF_Islote_Per
rcko3,QVEF_Islote_Per
kazan_leo,QVEF_Islote_Per
JL_SR2015,QVEF_Islote_Per
menudotiarro,QVEF_Islote_Per
CamelloDeRivera,QVEF_Islote_Per
nalalop,QVEF_Islote_Per
JrealJavireal,QVEF_Islote_Per
carolacaracola5,QVEF_Islote_Per
caval100,QVEF_Islote_Per
nanuk60,QVEF_Islote_Per
andresnosenada,QVEF_Islote_Per
belindassoy,QVEF_Islote_Per
Ruben288397261,einrucken
Lorenescfan,JosePePeRosales
ppgvig,JosePePeRosales
21_couto,JosePePeRosales
panditalibre,JosePePeRosales
FdezMariola,JosePePeRosales
KikeMlaga,JosePePeRosales
ToGallego,JosePePeRosales
EvaJardn,JosePePeRosales
NBAMaria38,JosePePeRosales
OvidioRodeiro,JosePePeRosales
2011pau,JosePePeRosales
alexnunez87,JosePePeRosales
YolandaCorgo,JosePePeRosales
CieloGuijarro,FarinaRebo
carolacaracola5,FarinaRebo
javierfagreda,JmRR37262132
CieloGuijarro,Holdenska
PallejaAlter,Holdenska
RepixPix,AndresM213
SedeMafia,AndresM213
verdes_brotes,AndresM213
JrealJavireal,AndresM213
javierfagreda,AndresM213
CamelloDeRivera,AndresM213
Sentid2016Comun,AndresM213
nalalop,AndresM213
Alejandra851976,AndresM213
ginestarros,AndresM213
VayekanadeAlba,AndresM213
belindassoy,AndresM213
erjubilao,JrealJavireal
luciapitelhuert,JrealJavireal
sempre64,JrealJavireal
Maryluz1008,JrealJavireal
javierfagreda,JrealJavireal
MLCabezuelo,JrealJavireal
azukikiyo,JrealJavireal
SocialMaresme,JrealJavireal
cleosagas1,JrealJavireal
IsabelQuintansR,JrealJavireal
JacintaLaPunky,JrealJavireal
pedro_cordob,JrealJavireal
carolacaracola5,JrealJavireal
AxturCelta,JrealJavireal
chispa34720356,JrealJavireal
jose_elrubio54,JrealJavireal
LoLlamanCrisis,JrealJavireal
maria_mariht,JrealJavireal
abeijon47,JrealJavireal
Francis98204014,JrealJavireal
Mari_Sol_GH,JrealJavireal
manubertran10,JrealJavireal
Ruben288397261,JrealJavireal
jltosco,JrealJavireal
HernandoIrene,JrealJavireal
CamelloDeRivera,JrealJavireal
YoCambio20D,JrealJavireal
AndresM213,JrealJavireal
Sentid2016Comun,JrealJavireal
homopestis,JrealJavireal
fer2365,JrealJavireal
cppu04,JrealJavireal
QVEF_Islote_Per,JrealJavireal
mosky80,JrealJavireal
kikupipo,JrealJavireal
andresnosenada,JrealJavireal
Kela_la_la,JrealJavireal
VientosOrihuela,JrealJavireal
jmmanuel103,JrealJavireal
Yemanjauno,JrealJavireal
Rosablanca1965,JrealJavireal
begonys,JrealJavireal
fransoyu,JrealJavireal
Cazatalentos,JrealJavireal
Davader09R,JrealJavireal
protestona1,JrealJavireal
everian777,JrealJavireal
ginestarros,JrealJavireal
brandydh22,JrealJavireal
tifanni9,JrealJavireal
ISMVALSyR,JrealJavireal
nanuk60,JrealJavireal
isaprospe,JrealJavireal
belindassoy,JrealJavireal
olordelluvia,JrealJavireal
NikoDimitratos,JrealJavireal
pepito_grillo55,JrealJavireal
rcko3,JrealJavireal
palimoka,JrealJavireal
caval100,JrealJavireal
menudotiarro,JrealJavireal
SedeMafia,altoba1965
Hermogenesconh1,altoba1965
azukikiyo,altoba1965
Yemanjauno,altoba1965
carolacaracola5,altoba1965
palimoka,altoba1965
ginestarros,altoba1965
nanuk60,altoba1965
belindassoy,altoba1965
VayekanadeAlba,altoba1965
ISMVALSyR,altoba1965
tono58,altoba1965
caval100,altoba1965
javierfagreda,MarineroGracia
luciapitelhuert,MarineroGracia
_Juan__A,AlieNomPuto
musiqueta51,AlieNomPuto
JohnnyWTF_max,AlieNomPuto
SocialMaresme,AlieNomPuto
SedeMafia,AlieNomPuto
RamonTaraz,AlieNomPuto
abeijon47,AlieNomPuto
VientosOrihuela,AlieNomPuto
Cazatalentos,AlieNomPuto
perezmuriana1,AlieNomPuto
AxturCelta,AlieNomPuto
Xielox1,AlieNomPuto
chulita1212,AlieNomPuto
BarbaFrancisco,AlieNomPuto
margaritaport10,AlieNomPuto
Sentid2016Comun,AlieNomPuto
nalalop,AlieNomPuto
Yemanjauno,AlieNomPuto
bedmar_pere,rojacolorada
LijoDavila,rojacolorada
soniapillado70,rojacolorada
MargaPerez14,rojacolorada
RAFAELLEALSALAZ,rojacolorada
caval100,rojacolorada
ccarbaiedo,rojacolorada
cristina_papin,rojacolorada
demigueldiaz,matteofotograf
h_rabunal,matteofotograf
sara_te,matteofotograf
YoCambio20D,mgarpaz3
sempre64,mgarpaz3
MariaAlmudena17,mgarpaz3
Kitiara76,mgarpaz3
CultBetanceira,mgarpaz3
nalalop,mgarpaz3
Vitoquive,mgarpaz3
salvemoscabana,mgarpaz3
caval100,mgarpaz3
ginestarros,mgarpaz3
ccarbaiedo,reyherrerah
IsabelQuintansR,reyherrerah
javierfagreda,reyherrerah
jorgenavasalejo,reyherrerah
NuevaRevoluci0n,reyherrerah
PatriziaF2,reyherrerah
caval100,reyherrerah
palimoka,reyherrerah
Cazatalentos,reyherrerah
YoCambio20D,NuevaRevoluci0n
SoyAbuelitaPaz,NuevaRevoluci0n
RomanSeixo,NuevaRevoluci0n
olordelluvia,NuevaRevoluci0n
BarbaFrancisco,NuevaRevoluci0n
matagalbanas,NuevaRevoluci0n
Xielox1,NuevaRevoluci0n
esteren3onidos,NuevaRevoluci0n
matteofotograf,NuevaRevoluci0n
SubversR,NuevaRevoluci0n
manubertran10,NuevaRevoluci0n
Ruben288397261,NuevaRevoluci0n
salvemoscabana,NuevaRevoluci0n
SeijoDani,NuevaRevoluci0n
EinarJavier,NuevaRevoluci0n
mobilitzada,quinbroquil
rcko3,quinbroquil
savanana05,quinbroquil
homopestis,quinbroquil
maitegalega,quinbroquil
Fantomasmma,publico_es
sempre64,publico_es
teresadepeche,publico_es
luciapitelhuert,LaperrinaChispi
manubertran10,LaperrinaChispi
Sentid2016Comun,LaperrinaChispi
tono58,LaperrinaChispi
isaprospe,LaperrinaChispi
Vitoquive,LaperrinaChispi
QVEF_Islote_Per,LaperrinaChispi
VayekanadeAlba,LaperrinaChispi
velajimenez69,LaperrinaChispi
cleosagas1,LaperrinaChispi
anamirandapaz,LaperrinaChispi
mrosonf,LijoDavila
rojacolorada,LijoDavila
soniapillado70,LijoDavila
PP_Redes,Lorenescfan
FdezMariola,Lorenescfan
2011pau,Lorenescfan
capadociados,Lorenescfan
KikeMlaga,Lorenescfan
JosePePeRosales,Lorenescfan
paquicg7,Lorenescfan
SanRGalafate,Lorenescfan
alexnunez87,Lorenescfan
manuel_becerrea,Lorenescfan
BegoLaserna,Lorenescfan
AnaPerezMartin,Lorenescfan
YolandaCorgo,Lorenescfan
colorady2015,cleosagas1
YoCambio20D,cleosagas1
ALF_2000,cleosagas1
KOURTNEY9863895,cleosagas1
MLCabezuelo,cleosagas1
veranoaz,cleosagas1
LaperrinaChispi,cleosagas1
Mari_Sol_GH,cleosagas1
Ruben288397261,cleosagas1
perezmuriana1,cleosagas1
velajimenez69,cleosagas1
Sentid2016Comun,cleosagas1
HernandoIrene,cleosagas1
Yemanjauno,cleosagas1
JrealJavireal,cleosagas1
AlieNomPuto,cleosagas1
garciahidalgo71,cleosagas1
everian777,cleosagas1
ISMVALSyR,cleosagas1
VientosOrihuela,cleosagas1
Cazatalentos,cleosagas1
JL_SR2015,cleosagas1
pintax99,cleosagas1
pepito_grillo55,cleosagas1
nalalop,cleosagas1
andresnosenada,cleosagas1
carolacaracola5,cleosagas1
h_rabunal,mjoslozano
sempre64,RamonTaraz
carmesarra,RamonTaraz
DINGO40378066,RamonTaraz
Ruben288397261,RamonTaraz
luciapitelhuert,RamonTaraz
manubertran10,RamonTaraz
Cazatalentos,RamonTaraz
irailazken,RamonTaraz
javierfagreda,RamonTaraz
JacintaLaPunky,RamonTaraz
SocialMaresme,RamonTaraz
MarBcn04,RamonTaraz
maitegalega,RamonTaraz
IsabelQuintansR,RamonTaraz
savanana05,RamonTaraz
MariFlequis,RamonTaraz
chispa34720356,RamonTaraz
mariadenines4,RamonTaraz
Nuri10137949,RamonTaraz
Maryluz1008,RamonTaraz
carolacaracola5,RamonTaraz
Xielox1,RamonTaraz
ISMVALSyR,RamonTaraz
abeijon47,RamonTaraz
QVEF_Islote_Per,RamonTaraz
CamelloDeRivera,RamonTaraz
nalalop,RamonTaraz
Sentid2016Comun,RamonTaraz
rcko3,RamonTaraz
andresnosenada,RamonTaraz
silversampler,RamonTaraz
Rosablanca1965,RamonTaraz
belindassoy,RamonTaraz
homopestis,RamonTaraz
JrealJavireal,RamonTaraz
chulita1212,RamonTaraz
kazan_leo,RamonTaraz
everian777,RamonTaraz
garciahidalgo71,RamonTaraz
Gassanyya,RamonTaraz
RepixPix,RamonTaraz
pepito_grillo55,RamonTaraz
Francis98204014,RamonTaraz
AlieNomPuto,RamonTaraz
menudotiarro,RamonTaraz
javierfagreda,David_sand_
carolacaracola5,David_sand_
QuintansMontero,David_sand_
SocialMaresme,IMPECABLE10
maria_mariht,IMPECABLE10
Maryluz1008,IMPECABLE10
DINGO40378066,IMPECABLE10
QVEF_Islote_Per,IMPECABLE10
CamelloDeRivera,IMPECABLE10
menudotiarro,IMPECABLE10
caval100,IMPECABLE10
NBAMaria38,0d5909f1f9a4455
JrealJavireal,liverpooldavidm
velajimenez69,liverpooldavidm
nanuk60,liverpooldavidm
everian777,liverpooldavidm
isaprospe,liverpooldavidm
fer2365,liverpooldavidm
brandydh22,liverpooldavidm
Cazatalentos,liverpooldavidm
veranoaz,liverpooldavidm
verdes_brotes,liverpooldavidm
palimoka,liverpooldavidm
caval100,liverpooldavidm
Klandestinna,AndrewBlasco
veranoaz,AndrewBlasco
andresantosgago,AndrewBlasco
fer2365,SoyAbuelitaPaz
luciapitelhuert,SoyAbuelitaPaz
geluniet,SoyAbuelitaPaz
abeijon47,SoyAbuelitaPaz
JacintaLaPunky,SoyAbuelitaPaz
andresnosenada,SoyAbuelitaPaz
filete12,SoyAbuelitaPaz
manubertran10,SoyAbuelitaPaz
garciahidalgo71,SoyAbuelitaPaz
Ruben288397261,SoyAbuelitaPaz
carolacaracola5,SoyAbuelitaPaz
caval100,SoyAbuelitaPaz
Alejandra851976,Martagerman
Beautfleur1,pedrovqg
PanPanizo,pedrovqg
Berkhl,pedrovqg
carolacaracola5,pedrovqg
caval100,pedrovqg
menudotiarro,pedrovqg
DReinero,NinePazG
anamirandapaz,NinePazG
joamma,NinePazG
denisfmendez,NinePazG
rafter_cd,Guille1325
javierfagreda,Berkhl
Sentid2016Comun,Berkhl
pedrovqg,Berkhl
begonys,Berkhl
menudotiarro,Berkhl
LauraPalmerT,IsabelQuintansR
_Juan__A,IsabelQuintansR
geluniet,IsabelQuintansR
7albatros,IsabelQuintansR
sempre64,IsabelQuintansR
luciapitelhuert,IsabelQuintansR
solounahormiga,IsabelQuintansR
chispa34720356,IsabelQuintansR
maria_mariht,IsabelQuintansR
Mirito_estevo,IsabelQuintansR
RamonTaraz,IsabelQuintansR
manoli99999,IsabelQuintansR
nanuk60,IsabelQuintansR
SocialMaresme,IsabelQuintansR
javierfagreda,IsabelQuintansR
purpureamemoria,IsabelQuintansR
JrealJavireal,IsabelQuintansR
JacintaLaPunky,IsabelQuintansR
margaritaport10,IsabelQuintansR
VientosOrihuela,IsabelQuintansR
verdes_brotes,IsabelQuintansR
QuintansMontero,IsabelQuintansR
abeijon47,IsabelQuintansR
jose_elrubio54,IsabelQuintansR
everian777,IsabelQuintansR
maitegalega,IsabelQuintansR
pepito_grillo55,IsabelQuintansR
MLCabezuelo,IsabelQuintansR
VayekanadeAlba,IsabelQuintansR
filete12,IsabelQuintansR
Ruben288397261,IsabelQuintansR
Sentid2016Comun,IsabelQuintansR
carolacaracola5,IsabelQuintansR
YoCambio20D,IsabelQuintansR
Rosablanca1965,IsabelQuintansR
Francis98204014,IsabelQuintansR
menudotiarro,IsabelQuintansR
caval100,IsabelQuintansR
2011pau,21_couto
KikeMlaga,21_couto
FdezMariola,21_couto
EvaJardn,21_couto
ppgvig,21_couto
tucofreire,21_couto
JosePePeRosales,21_couto
EduCGalvan,21_couto
paulapra2,21_couto
YolandaCorgo,21_couto
alexnunez87,21_couto
OvidioRodeiro,21_couto
pepito_grillo55,miraclor78
velajimenez69,miraclor78
JL_SR2015,jose_elrubio54
AxturCelta,jose_elrubio54
everian777,jose_elrubio54
Ruben288397261,jose_elrubio54
IsabelQuintansR,jose_elrubio54
manubertran10,jose_elrubio54
MLCabezuelo,jose_elrubio54
VientosOrihuela,jose_elrubio54
menudotiarro,jose_elrubio54
homopestis,jose_elrubio54
JrealJavireal,jose_elrubio54
filete12,jose_elrubio54
verdes_brotes,jose_elrubio54
andresnosenada,jose_elrubio54
jltosco,jose_elrubio54
belindassoy,jose_elrubio54
chispa34720356,jose_elrubio54
CamelloDeRivera,jose_elrubio54
pedro_cordob,jose_elrubio54
VayekanadeAlba,jose_elrubio54
Sentid2016Comun,jose_elrubio54
garciahidalgo71,jose_elrubio54
carolacaracola5,jose_elrubio54
caval100,jose_elrubio54
carolacaracola5,pilarpivaro
CamelloDeRivera,Carlota2302
Dani_Fabra,Carlota2302
caval100,Carlota2302
purpureamemoria,QuintansMontero
rafagutterrnan,QuintansMontero
David_sand_,QuintansMontero
IsabelQuintansR,QuintansMontero
h_rabunal,QuintansMontero
SeijoDani,QuintansMontero
belindassoy,QuintansMontero
Sentid2016Comun,QuintansMontero
SoyAbuelitaPaz,MariFlequis
javierfagreda,MariFlequis
JacintaLaPunky,MariFlequis
RamonTaraz,MariFlequis
MLCabezuelo,MariFlequis
joanlluis,MariFlequis
caval100,MariFlequis
_Juan__A,CloeStein
garciahidalgo71,CloeStein
garciahidalgo71,Yemanjauno
javierfagreda,Yemanjauno
cristina_papin,Yemanjauno
CamelloDeRivera,Yemanjauno
Francis98204014,Yemanjauno
isaprospe,Yemanjauno
jmmanuel103,Yemanjauno
rcko3,Yemanjauno
7albatros,Yemanjauno
carolacaracola5,Yemanjauno
menudotiarro,Yemanjauno
margaritaport10,Yemanjauno
tifanni9,Yemanjauno
caval100,Yemanjauno
VayekanadeAlba,javifergavilan
Davader09R,javifergavilan
Maryluz1008,CaoWenToh
protestona1,CaoWenToh
solounahormiga,kikupipo
SocialMaresme,kikupipo
Nuri10137949,kikupipo
juliacl60,kikupipo
pedro_cordob,kikupipo
purpureamemoria,kikupipo
Cazatalentos,kikupipo
CamelloDeRivera,kikupipo
Sentid2016Comun,kikupipo
VayekanadeAlba,kikupipo
MarBcn04,kikupipo
SubversR,kikupipo
manubertran10,kikupipo
QVEF_Islote_Per,kikupipo
Ruben288397261,kikupipo
JL_SR2015,kikupipo
Yemanjauno,kikupipo
JrealJavireal,kikupipo
FranGallRuiz,kikupipo
velajimenez69,kikupipo
garciahidalgo71,kikupipo
albertmaruny,kikupipo
carolacaracola5,kikupipo
ISMVALSyR,kikupipo
NuevaRevoluci0n,kikupipo
VientosOrihuela,kikupipo
esthersoyyo,kikupipo
tifanni9,kikupipo
nalalop,kikupipo
Francis98204014,kikupipo
denisfmendez,elcolla
bedmar_pere,jmcorpas
_Juan__A,reginadorubia
luciapitelhuert,reginadorubia
abeijon47,reginadorubia
irailazken,reginadorubia
MLCabezuelo,reginadorubia
carolacaracola5,reginadorubia
manubertran10,reginadorubia
javierfagreda,reginadorubia
Sentid2016Comun,reginadorubia
QVEF_Islote_Per,reginadorubia
fer2365,reginadorubia
jltosco,reginadorubia
VayekanadeAlba,reginadorubia
JrealJavireal,reginadorubia
menudotiarro,reginadorubia
everian777,reginadorubia
Alejandra851976,reginadorubia
pepito_grillo55,reginadorubia
nalalop,reginadorubia
rcko3,reginadorubia
ginestarros,reginadorubia
Cazatalentos,reginadorubia
Davader09R,reginadorubia
caval100,reginadorubia
SanRGalafate,mpilarita4121
BegoLaserna,mpilarita4121
KikeMlaga,mpilarita4121
FdezMariola,mpilarita4121
protestona1,BMOLOTOV
SedeMafia,BMOLOTOV
MLCabezuelo,BMOLOTOV
JrealJavireal,BMOLOTOV
Sentid2016Comun,BMOLOTOV
EinarJavier,BMOLOTOV
ISMVALSyR,BMOLOTOV
NuevaRevoluci0n,BMOLOTOV
oslopez61,BMOLOTOV
Cazatalentos,BMOLOTOV
anagago2001,BMOLOTOV
belindassoy,BMOLOTOV
caval100,BMOLOTOV
pabal19,sara_te
soaak,sara_te
matteofotograf,sara_te
SusoMonR,sara_te
anton_escuredo,sara_te
salvemoscabana,sara_te
CultBetanceira,sara_te
DePunteirolo,sara_te
DReinero,sara_te
Chibs_Sire,sara_te
nunegzsc,sara_te
anamirandapaz,sara_te
denisfmendez,sara_te
nalalop,monograficotwit
mariadenines4,monograficotwit
MLCabezuelo,monograficotwit
caval100,monograficotwit
DINGO40378066,monograficotwit
AxturCelta,monograficotwit
VayekanadeAlba,monograficotwit
maria_mariht,monograficotwit
carolacaracola5,monograficotwit
Sentid2016Comun,monograficotwit
walon716,monograficotwit
menudotiarro,monograficotwit
rcko3,monograficotwit
olordelluvia,monograficotwit
homopestis,monograficotwit
javierfagreda,monograficotwit
protestona1,monograficotwit
palimoka,monograficotwit
PP_Redes,Sufridor361
capadociados,Sufridor361
OvidioRodeiro,Sufridor361
KikeMlaga,Sufridor361
BegoLaserna,Sufridor361
rafagutterrnan,soniabouzas
JrealJavireal,soniabouzas
anamirandapaz,soniabouzas
lovelymessy,soniabouzas
martomorillo,soniabouzas
tono58,soniabouzas
veranoaz,soniabouzas
caval100,soniabouzas
MarineR14350419,PP_Redes
ROSAMARABEZ,PP_Redes
ppgvig,PP_Redes
Lorenescfan,PP_Redes
BegoLaserna,PP_Redes
NBAMaria38,PP_Redes
2011pau,PP_Redes
alexnunez87,PP_Redes
KikeMlaga,PP_Redes
FdezMariola,PP_Redes
SocialMaresme,afrodi123
belindassoy,afrodi123
monograficotwit,afrodi123
agavidal,afrodi123
caval100,afrodi123
javierfagreda,kazan_leo
verdes_brotes,kazan_leo
manubertran10,kazan_leo
Rosablanca1965,kazan_leo
_Juan__A,savanana05
sempre64,savanana05
chispa34720356,savanana05
SedeMafia,savanana05
Cazatalentos,savanana05
MLCabezuelo,savanana05
RamonTaraz,savanana05
Ruben288397261,savanana05
abeijon47,savanana05
manoli99999,savanana05
maria_mariht,savanana05
Nuri10137949,savanana05
luciapitelhuert,savanana05
Maryluz1008,savanana05
quinbroquil,savanana05
filete12,savanana05
CamelloDeRivera,savanana05
EinarJavier,savanana05
VientosOrihuela,savanana05
DINGO40378066,savanana05
MarBcn04,savanana05
belindassoy,savanana05
AxturCelta,savanana05
pedro_cordob,savanana05
carolacaracola5,savanana05
menudotiarro,savanana05
verdes_brotes,savanana05
Sentid2016Comun,savanana05
garciahidalgo71,savanana05
nalalop,savanana05
velajimenez69,savanana05
YoCambio20D,savanana05
JrealJavireal,savanana05
nanuk60,filete12
SedeMafia,filete12
SoyAbuelitaPaz,filete12
savanana05,filete12
JrealJavireal,filete12
garciahidalgo71,filete12
javierfagreda,filete12
demigueldiaz,filete12
carolacaracola5,filete12
menudotiarro,filete12
caval100,filete12
begonys,noeliAcedo
mosky80,curra737
sempre64,curra737
Francis98204014,curra737
Kela_la_la,curra737
menudotiarro,curra737
LeonNMR,SteffyMcewan
ccarbaiedo,javierfagreda
David_sand_,javierfagreda
MomparlerTo,javierfagreda
Apedirjusticia1,javierfagreda
RdukeRuben,javierfagreda
MarineR14350419,javierfagreda
Maryluz1008,javierfagreda
Manuela34537619,javierfagreda
fer2365,Piruletadementa
EinarJavier,Piruletadementa
Ruben288397261,Piruletadementa
garciahidalgo71,Piruletadementa
veranoaz,Piruletadementa
everian777,Piruletadementa
RepixPix,Piruletadementa
RojaRojae,Piruletadementa
seluirodriguez,Piruletadementa
silversampler,Piruletadementa
BarbaFrancisco,Piruletadementa
liverpooldavidm,Piruletadementa
Cazatalentos,Piruletadementa
Lidiaroguz,Piruletadementa
oslopez61,Piruletadementa
superzotax,Piruletadementa
7albatros,Piruletadementa
anagago2001,Piruletadementa
danieldlgu,Piruletadementa
tono58,Piruletadementa
JohnnyWTF_max,manubertran10
sempre64,manubertran10
RamonTaraz,manubertran10
lourdesobrull,manubertran10
luciapitelhuert,manubertran10
azukikiyo,manubertran10
SocialMaresme,manubertran10
Rosablanca1965,manubertran10
ginestarros,manubertran10
Maryluz1008,manubertran10
redskin19633,manubertran10
purpureamemoria,manubertran10
homopestis,manubertran10
SoyAbuelitaPaz,manubertran10
chispa34720356,manubertran10
mariadenines4,manubertran10
verdes_brotes,manubertran10
carmigencar,manubertran10
JL_SR2015,manubertran10
YoCambio20D,manubertran10
AlfredoMayfer63,manubertran10
aldiaes,manubertran10
nedjar62,manubertran10
reginadorubia,manubertran10
CamelloDeRivera,manubertran10
abeijon47,manubertran10
javierfagreda,manubertran10
erjubilao,manubertran10
Francis98204014,manubertran10
Ruben288397261,manubertran10
jltosco,manubertran10
VientosOrihuela,manubertran10
kikupipo,manubertran10
VayekanadeAlba,manubertran10
pedro_cordob,manubertran10
mobilitzada,manubertran10
andresnosenada,manubertran10
garciahidalgo71,manubertran10
albertmaruny,manubertran10
Sentid2016Comun,manubertran10
patrimarly,manubertran10
chulita1212,manubertran10
nalalop,manubertran10
ALF_2000,manubertran10
JrealJavireal,manubertran10
MLCabezuelo,manubertran10
pepito_grillo55,manubertran10
margaritaport10,manubertran10
brandydh22,manubertran10
silversampler,manubertran10
velajimenez69,manubertran10
jmmanuel103,manubertran10
rcko3,manubertran10
belindassoy,manubertran10
caval100,manubertran10
kazan_leo,manubertran10
carolacaracola5,manubertran10
YolandaCorgo,panditalibre
EvaJardn,panditalibre
KikeMlaga,ppgvig
FdezMariola,ppgvig
21_couto,ppgvig
OvidioRodeiro,ppgvig
elTermostato,nedjar62
VayekanadeAlba,nedjar62
manubertran10,nedjar62
javierfagreda,nedjar62
rcko3,nedjar62
isaprospe,nedjar62
tifanni9,nedjar62
caval100,nedjar62
JrealJavireal,dianaagra
caval100,dianaagra
JulianPGarrote,cris_92
EncarnaAmigoSER,ToGallego
OPoyF,ToGallego
tucofreire,ToGallego
JosePePeRosales,ToGallego
alexnunez87,ToGallego
EvaJardn,ToGallego
manuel_becerrea,ToGallego
OvidioRodeiro,ToGallego
2011pau,ToGallego
MarCarballas,ToGallego
gelpad,JulianPGarrote
anareypaz,JulianPGarrote
AnovaPontevedra,JulianPGarrote
CultBetanceira,JulianPGarrote
mcris_rn,JulianPGarrote
JrealJavireal,fransoyu
KikeMlaga,YolandaCorgo
EduCGalvan,YolandaCorgo
tucofreire,YolandaCorgo
21_couto,YolandaCorgo
alexnunez87,YolandaCorgo
panditalibre,YolandaCorgo
OvidioRodeiro,YolandaCorgo
EvaJardn,YolandaCorgo
NBAMaria38,YolandaCorgo
JosePePeRosales,YolandaCorgo
Lorenescfan,YolandaCorgo
gelpad,mcris_rn
JulianPGarrote,mcris_rn
VayekanadeAlba,jmmanuel103
abeijon47,jmmanuel103
verdes_brotes,jmmanuel103
jltosco,jmmanuel103
Sentid2016Comun,jmmanuel103
manubertran10,jmmanuel103
PatriziaF2,jmmanuel103
Yemanjauno,jmmanuel103
javierfagreda,jmmanuel103
JrealJavireal,jmmanuel103
palimoka,jmmanuel103
NikoDimitratos,jmmanuel103
belindassoy,jmmanuel103
Cazatalentos,jmmanuel103
tifanni9,jmmanuel103
caval100,jmmanuel103
Gassanyya,jmmanuel103
manubertran10,esteren3onidos
Alejandra851976,esteren3onidos
_Juan__A,Galatinas
VientosOrihuela,Alejandra851976
jltosco,Alejandra851976
Sentid2016Comun,Alejandra851976
pepito_grillo55,Alejandra851976
nanuk60,Alejandra851976
Rosablanca1965,Alejandra851976
JrealJavireal,Alejandra851976
rcko3,Alejandra851976
menudotiarro,Alejandra851976
VayekanadeAlba,Alejandra851976
prespiputa,Alejandra851976
palimoka,Alejandra851976
carolacaracola5,Alejandra851976
carmigencar,Alejandra851976
ISMVALSyR,Alejandra851976
Francis98204014,Alejandra851976
margaritaport10,Alejandra851976
kakanariu,Alejandra851976
brandydh22,Alejandra851976
belindassoy,Alejandra851976
reginadorubia,Alejandra851976
RamonTaraz,maria_mariht
luciapitelhuert,maria_mariht
sempre64,maria_mariht
SedeMafia,maria_mariht
IsabelQuintansR,maria_mariht
DINGO40378066,maria_mariht
MLCabezuelo,maria_mariht
IMPECABLE10,maria_mariht
savanana05,maria_mariht
SocialMaresme,maria_mariht
fer2365,maria_mariht
Nuri10137949,maria_mariht
chispa34720356,maria_mariht
manubertran10,maria_mariht
AxturCelta,maria_mariht
monograficotwit,maria_mariht
silversampler,maria_mariht
verdes_brotes,maria_mariht
garciahidalgo71,maria_mariht
JrealJavireal,maria_mariht
Cazatalentos,maria_mariht
abeijon47,maria_mariht
CamelloDeRivera,maria_mariht
Yemanjauno,maria_mariht
Ruben288397261,maria_mariht
andresnosenada,maria_mariht
VayekanadeAlba,maria_mariht
pepito_grillo55,maria_mariht
everian777,maria_mariht
carolacaracola5,maria_mariht
nalalop,maria_mariht
jltosco,maria_mariht
caval100,maria_mariht
NuevaRevoluci0n,maria_mariht
Sentid2016Comun,maria_mariht
aldiaes,maria_mariht
JL_SR2015,maria_mariht
protestona1,maria_mariht
colladov61,xiscorana
carolacaracola5,prespiputa
YoCambio20D,prespiputa
manubertran10,prespiputa
Alejandra851976,prespiputa
protestona1,prespiputa
pepito_grillo55,prespiputa
isaprospe,prespiputa
caval100,prespiputa
rcko3,cazamedrentes
sdomenechmiguel,cazamedrentes
h_rabunal,cazamedrentes
carolacaracola5,cazamedrentes
SeijoDani,cazamedrentes
CultBetanceira,cazamedrentes
salvemoscabana,cazamedrentes
caval100,cazamedrentes
paumonterros,Laurochis_
VientosOrihuela,Soylagemma
PP_Redes,paulapra2
EncarnaAmigoSER,paulapra2
EduCGalvan,paulapra2
tucofreire,paulapra2
panditalibre,paulapra2
manuel_becerrea,paulapra2
YolandaCorgo,paulapra2
21_couto,paulapra2
claudiamoran90,paulapra2
auroracanizares,paulapra2
AnaPerezMartin,paulapra2
EvaJardn,paulapra2
JosePePeRosales,paulapra2
FdezMariola,paulapra2
NBAMaria38,paulapra2
bpgem,paulapra2
BegoLaserna,paulapra2
KikeMlaga,paulapra2
foneldelmonton,paulapra2
sara_te,paulapra2
2011pau,paulapra2
MarCarballas,paulapra2
OPoyF,paulapra2
OvidioRodeiro,paulapra2
alexnunez87,paulapra2
RomanSeixo,menudotiarro
luciapitelhuert,menudotiarro
JacintaLaPunky,menudotiarro
Manuela34537619,menudotiarro
SocialMaresme,menudotiarro
musiqueta51,menudotiarro
madevate,menudotiarro
pilar212121,menudotiarro
seluirodriguez,menudotiarro
patrimarly,menudotiarro
BarbaFrancisco,menudotiarro
aangelesrubio,menudotiarro
AxturCelta,menudotiarro
chispa34720356,menudotiarro
DINGO40378066,menudotiarro
homopestis,menudotiarro
jose_elrubio54,menudotiarro
savanana05,menudotiarro
pinelkike,menudotiarro
purpureamemoria,menudotiarro
abeijon47,menudotiarro
PenelopeAYAS,menudotiarro
troyana25,menudotiarro
monograficotwit,menudotiarro
pedro_cordob,menudotiarro
filete12,menudotiarro
Ruben288397261,menudotiarro
CamelloDeRivera,menudotiarro
QVEF_Islote_Per,menudotiarro
jltosco,menudotiarro
Xielox1,menudotiarro
perezmuriana1,menudotiarro
velajimenez69,jorgenavasalejo
garciahidalgo71,jorgenavasalejo
Ruben288397261,jorgenavasalejo
Crisbb96,jorgenavasalejo
Berkhl,jorgenavasalejo
BarbaFrancisco,jorgenavasalejo
FatimaDelOlmo,jorgenavasalejo
reyherrerah,jorgenavasalejo
Kela_la_la,jorgenavasalejo
begonys,jorgenavasalejo
ALF_2000,jorgenavasalejo
PenelopeAYAS,jorgenavasalejo
azukikiyo,jorgenavasalejo
javierfagreda,PatriziaF2
carolacaracola5,PatriziaF2
jmmanuel103,PatriziaF2
Kela_la_la,PatriziaF2
reyherrerah,PatriziaF2
salvemoscabana,PatriziaF2
Cazatalentos,PatriziaF2
caval100,PatriziaF2
elTermostato,colladov61
xiscorana,colladov61
javierfagreda,colladov61
caval100,Asunpaju4
MLCabezuelo,Asunpaju4
carolacaracola5,Asunpaju4
MLCabezuelo,aangelesrubio
carolacaracola5,aangelesrubio
Hermogenesconh1,aangelesrubio
menudotiarro,aangelesrubio
mpilarita4121,EncarnaAmigoSER
FdezMariola,EncarnaAmigoSER
2011pau,EncarnaAmigoSER
alexnunez87,EncarnaAmigoSER
paulapra2,EncarnaAmigoSER
ToGallego,EncarnaAmigoSER
YolandaCorgo,EncarnaAmigoSER
OvidioRodeiro,EncarnaAmigoSER
manuel_becerrea,EncarnaAmigoSER
OPoyF,EncarnaAmigoSER
MarCarballas,EncarnaAmigoSER
MarCarballas,auroracanizares
tucofreire,auroracanizares
EduCGalvan,auroracanizares
NBAMaria38,auroracanizares
alexnunez87,auroracanizares
OvidioRodeiro,auroracanizares
paumonterros,Marta_MPL
SocialMaresme,irailazken
abeijon47,irailazken
RamonTaraz,irailazken
AxturCelta,irailazken
JacintaLaPunky,irailazken
araceli_redal,irailazken
carolacaracola5,irailazken
everian777,irailazken
JacintaLaPunky,jltosco
SocialMaresme,jltosco
chispa34720356,jltosco
everian777,jltosco
Sentid2016Comun,jltosco
jose_elrubio54,jltosco
VientosOrihuela,jltosco
abeijon47,jltosco
jmmanuel103,jltosco
manubertran10,jltosco
NACHOVETMD,jltosco
Ruben288397261,jltosco
aldiaes,jltosco
Alejandra851976,jltosco
JrealJavireal,jltosco
nalalop,jltosco
menudotiarro,jltosco
andresnosenada,jltosco
ISMVALSyR,jltosco
VayekanadeAlba,jltosco
CamelloDeRivera,jltosco
javierfagreda,jltosco
rcko3,jltosco
pintax99,jltosco
maria_mariht,jltosco
reginadorubia,jltosco
carolacaracola5,jltosco
caval100,jltosco
tifanni9,Beautfleur1
carolacaracola5,Beautfleur1
SocialMaresme,Beautfleur1
caval100,Beautfleur1
manubertran10,palimoka
Sentid2016Comun,palimoka
everian777,palimoka
nanuk60,palimoka
ISMVALSyR,palimoka
javierfagreda,palimoka
carolacaracola5,palimoka
jmmanuel103,palimoka
altoba1965,palimoka
Alejandra851976,palimoka
VayekanadeAlba,palimoka
menudotiarro,palimoka
reyherrerah,palimoka
monograficotwit,palimoka
JrealJavireal,palimoka
madrenovelera,palimoka
anamirandapaz,palimoka
superzotax,palimoka
Cazatalentos,palimoka
liverpooldavidm,palimoka
verdes_brotes,palimoka
caval100,palimoka
olordelluvia,palimoka
javierfagreda,Apedirjusticia1
fernandofaucha,MCteloARDILA
caval100,MCteloARDILA
pintax99,MCteloARDILA
menudotiarro,madevate
carmigencar,madevate
Gassanyya,madevate
JrealJavireal,alhambra28028
javierfagreda,mire_palenzuela
cortesangelama,mire_palenzuela
LeonNMR,Danko1210
QVEF_Islote_Per,CultBetanceira
carolacaracola5,CultBetanceira
cazamedrentes,CultBetanceira
caval100,CultBetanceira
cristina_papin,muhammadgalian
caval100,muhammadgalian
rcko3,elTermostato
chulita1212,margaritaport10
luciapitelhuert,margaritaport10
RusoMikel,margaritaport10
azukikiyo,margaritaport10
SocialMaresme,margaritaport10
abeijon47,margaritaport10
andresnosenada,margaritaport10
IsabelQuintansR,margaritaport10
pintax99,margaritaport10
MLCabezuelo,margaritaport10
AxturCelta,margaritaport10
VientosOrihuela,margaritaport10
Ruben288397261,margaritaport10
soniapillado70,margaritaport10
manubertran10,margaritaport10
belindassoy,margaritaport10
Sentid2016Comun,margaritaport10
isaprospe,margaritaport10
AlieNomPuto,margaritaport10
carolacaracola5,margaritaport10
VayekanadeAlba,margaritaport10
pepito_grillo55,margaritaport10
HernandoIrene,margaritaport10
garciahidalgo71,margaritaport10
protestona1,margaritaport10
Yemanjauno,margaritaport10
Alejandra851976,margaritaport10
Cazatalentos,margaritaport10
Rosablanca1965,margaritaport10
kikupipo,margaritaport10
caval100,margaritaport10
Francis98204014,soniapillado70
mrosonf,soniapillado70
bedmar_pere,soniapillado70
LijoDavila,soniapillado70
fatimar56,soniapillado70
VientosOrihuela,soniapillado70
rojacolorada,soniapillado70
tono58,soniapillado70
RAFAELLEALSALAZ,soniapillado70
jorgenavasalejo,FatimaDelOlmo
begonys,FatimaDelOlmo
haize_m,FatimaDelOlmo
maripax62,FatimaDelOlmo
caval100,FatimaDelOlmo
anagago2001,FatimaDelOlmo
oslopez61,FatimaDelOlmo
SocialMaresme,purpureamemoria
javierfagreda,purpureamemoria
mariadenines4,purpureamemoria
manubertran10,purpureamemoria
IsabelQuintansR,purpureamemoria
kikupipo,purpureamemoria
AxturCelta,purpureamemoria
MLCabezuelo,purpureamemoria
chispa34720356,purpureamemoria
VayekanadeAlba,purpureamemoria
isaprospe,purpureamemoria
menudotiarro,purpureamemoria
pepito_grillo55,purpureamemoria
homopestis,purpureamemoria
belindassoy,purpureamemoria
garciahidalgo71,purpureamemoria
caval100,purpureamemoria
JL_SR2015,purpureamemoria
Sentid2016Comun,purpureamemoria
carolacaracola5,purpureamemoria
Guille1325,rafter_cd
luciapitelhuert,AuroCantero
breadfan33,AuroCantero
carolacaracola5,AuroCantero
savanana05,AuroCantero
caval100,AuroCantero
wase95,AuroCantero
RomanSeixo,Nuri10137949
luciapitelhuert,Nuri10137949
caval100,Nuri10137949
sempre64,Nuri10137949
baires1965,Nuri10137949
azukikiyo,Nuri10137949
Maryluz1008,Nuri10137949
SedeMafia,Nuri10137949
carmesarra,Nuri10137949
rojo_fuertes,Nuri10137949
jltosco,Nuri10137949
AxturCelta,Nuri10137949
AngryGalician,Nuri10137949
belindassoy,Nuri10137949
cleosagas1,Nuri10137949
manoli99999,Nuri10137949
nanuk60,Nuri10137949
savanana05,Nuri10137949
maitegalega,Nuri10137949
SocialMaresme,Nuri10137949
kikupipo,Nuri10137949
bedmar_pere,Nuri10137949
velajimenez69,Nuri10137949
MLCabezuelo,Nuri10137949
VientosOrihuela,Nuri10137949
RamonTaraz,Nuri10137949
madevate,Nuri10137949
jose_elrubio54,Nuri10137949
andresnosenada,Nuri10137949
IMPECABLE10,Nuri10137949
pedro_cordob,Nuri10137949
Ruben288397261,Nuri10137949
JrealJavireal,Nuri10137949
irailazken,Nuri10137949
manubertran10,Nuri10137949
maria_mariht,Nuri10137949
MarBcn04,Nuri10137949
DINGO40378066,Nuri10137949
VayekanadeAlba,Nuri10137949
ISMVALSyR,Nuri10137949
chispa34720356,Nuri10137949
carolacaracola5,Nuri10137949
mosky80,Nuri10137949
abeijon47,Nuri10137949
YoCambio20D,Nuri10137949
everian777,Nuri10137949
monograficotwit,nalalop
P_AlicanteOeste,nalalop
luciapitelhuert,nalalop
veranoaz,nalalop
chispa34720356,nalalop
DINGO40378066,nalalop
abeijon47,nalalop
mariadenines4,nalalop
redskin19633,nalalop
ConchaCeballos1,nalalop
AxturCelta,nalalop
carmigencar,nalalop
clvor,nalalop
margaritaport10,nalalop
_Juan__A,nalalop
brandydh22,nalalop
Xielox1,nalalop
pedro_cordob,nalalop
rcko3,nalalop
savanana05,nalalop
Gassanyya,nalalop
MarBcn04,nalalop
manubertran10,nalalop
Ruben288397261,nalalop
ISMVALSyR,nalalop
demigueldiaz,nalalop
mgarpaz3,nalalop
isaprospe,nalalop
silversampler,nalalop
jltosco,nalalop
Sentid2016Comun,nalalop
homopestis,nalalop
SoyAbuelitaPaz,nalalop
olordelluvia,nalalop
Mari_Sol_GH,nalalop
Yemanjauno,nalalop
YoCambio20D,nalalop
RamonTaraz,nalalop
cppu04,nalalop
Rosablanca1965,nalalop
belindassoy,nalalop
AlieNomPuto,nalalop
maria_mariht,nalalop
tifanni9,nalalop
Cazatalentos,nalalop
carolacaracola5,nalalop
madrenovelera,nalalop
andresnosenada,nalalop
QVEF_Islote_Per,nalalop
garciahidalgo71,nalalop
JrealJavireal,nalalop
7albatros,nalalop
pintax99,nalalop
AndresM213,nalalop
chulita1212,nalalop
everian777,nalalop
VayekanadeAlba,nalalop
CamelloDeRivera,nalalop
velajimenez69,nalalop
VientosOrihuela,nalalop
cleosagas1,nalalop
pepito_grillo55,nalalop
menudotiarro,nalalop
JL_SR2015,nalalop
aldiaes,nalalop
kikupipo,nalalop
Alejandra851976,nalalop
reginadorubia,nalalop
protestona1,nalalop
Davader09R,nalalop
rcko3,libertas3800
carolacaracola5,SubversR
kikupipo,SubversR
aldiaes,SubversR
caval100,SubversR
SocialMaresme,carmigencar
madevate,carmigencar
manubertran10,carmigencar
velajimenez69,carmigencar
nalalop,carmigencar
esteren3onidos,carmigencar
Kela_la_la,carmigencar
javierfagreda,carmigencar
ISMVALSyR,carmigencar
Alejandra851976,carmigencar
menudotiarro,carmigencar
ALF_2000,anagago2001
FatimaDelOlmo,anagago2001
Cazatalentos,anagago2001
cortesangelama,anagago2001
7albatros,anagago2001
Piruletadementa,anagago2001
tono58,anagago2001
tifanni9,anagago2001
BMOLOTOV,anagago2001
caval100,anagago2001
jltosco,NACHOVETMD
belindassoy,PilarVaqueroV
manubertran10,PilarVaqueroV
Cazatalentos,PilarVaqueroV
caval100,PilarVaqueroV
tono58,PilarVaqueroV
Alejandra851976,andres_cartero
solounahormiga,tifanni9
VayekanadeAlba,tifanni9
SocialMaresme,tifanni9
Maryluz1008,tifanni9
garciahidalgo71,tifanni9
Sentid2016Comun,tifanni9
Rosablanca1965,tifanni9
nalalop,tifanni9
velajimenez69,tifanni9
kikupipo,tifanni9
isaprospe,tifanni9
menudotiarro,tifanni9
JrealJavireal,tifanni9
brandydh22,tifanni9
Yemanjauno,tifanni9
miaulunaaa,tifanni9
nedjar62,tifanni9
PanPanizo,tifanni9
MarcaEspaa1,tifanni9
caval100,tifanni9
Cazatalentos,tifanni9
nanuk60,tifanni9
jmmanuel103,tifanni9
anagago2001,tifanni9
KikeMlaga,MarineR14350419
PP_Redes,MarineR14350419
javierfagreda,albertmaruny
VayekanadeAlba,albertmaruny
manubertran10,albertmaruny
Cazatalentos,albertmaruny
kikupipo,albertmaruny
mosky80,albertmaruny
esthersoyyo,albertmaruny
carolacaracola5,AnovaPontevedra
matagalbanas,AnovaPontevedra
EduCGalvan,AnovaPontevedra
hachepesar,AnovaPontevedra
anareypaz,AnovaPontevedra
maitegalega,AnovaPontevedra
falandeiro,AnovaPontevedra
SeijoDani,AnovaPontevedra
salvemoscabana,AnovaPontevedra
JulianPGarrote,AnovaPontevedra
_Juan__A,belindassoy
DINGO40378066,belindassoy
rafagutterrnan,belindassoy
luciapitelhuert,belindassoy
SocialMaresme,belindassoy
SedeMafia,belindassoy
chispa34720356,belindassoy
Francis98204014,belindassoy
Maryluz1008,belindassoy
kaluapiscis,belindassoy
savanana05,belindassoy
AxturCelta,belindassoy
QuintansMontero,belindassoy
MLCabezuelo,belindassoy
JL_SR2015,belindassoy
jose_elrubio54,belindassoy
abeijon47,belindassoy
homopestis,belindassoy
P_AlicanteOeste,belindassoy
purpureamemoria,belindassoy
Ruben288397261,belindassoy
margaritaport10,belindassoy
manubertran10,belindassoy
Xielox1,belindassoy
verdes_brotes,belindassoy
RamonTaraz,belindassoy
Sentid2016Comun,belindassoy
nalalop,belindassoy
QVEF_Islote_Per,belindassoy
javierfagreda,belindassoy
carolacaracola5,belindassoy
VientosOrihuela,belindassoy
velajimenez69,belindassoy
Rosablanca1965,belindassoy
andresnosenada,belindassoy
garciahidalgo71,belindassoy
AlieNomPuto,belindassoy
protestona1,belindassoy
pepito_grillo55,belindassoy
ISMVALSyR,belindassoy
Alejandra851976,belindassoy
everian777,belindassoy
menudotiarro,belindassoy
altoba1965,belindassoy
VayekanadeAlba,belindassoy
fer2365,belindassoy
madevate,AsambleaVirtual
Ruben288397261,AsambleaVirtual
demigueldiaz,AsambleaVirtual
RepixPix,AsambleaVirtual
seluirodriguez,AsambleaVirtual
isaprospe,AsambleaVirtual
enmego,AsambleaVirtual
andresnosenada,AsambleaVirtual
unamillaunpaso,AsambleaVirtual
YoCambio20D,AsambleaVirtual
ALF_2000,AsambleaVirtual
ginestarros,AsambleaVirtual
Vitoquive,AsambleaVirtual
MnicaMollina,AsambleaVirtual
Cazatalentos,AsambleaVirtual
20campy,AsambleaVirtual
IsabelQuintansR,AsambleaVirtual
liverpooldavidm,AsambleaVirtual
NikoDimitratos,MaestroFulardo
Francis98204014,manza3983
MarCarballas,OPoyF
OvidioRodeiro,OPoyF
EncarnaAmigoSER,OPoyF
ToGallego,OPoyF
paulapra2,OPoyF
MLCabezuelo,arnau_borras
JohnnyWTF_max,arnau_borras
DINGO40378066,maitegalega
SocialMaresme,maitegalega
JacintaLaPunky,maitegalega
RamonTaraz,maitegalega
manoli99999,maitegalega
Nuri10137949,maitegalega
ISMVALSyR,maitegalega
abeijon47,maitegalega
javierfagreda,maitegalega
quinbroquil,maitegalega
everian777,maitegalega
IsabelQuintansR,maitegalega
verdes_brotes,maitegalega
MLCabezuelo,maitegalega
AxturCelta,maitegalega
anareypaz,maitegalega
garciahidalgo71,maitegalega
Ruben288397261,maitegalega
Sentid2016Comun,maitegalega
Kela_la_la,maitegalega
carolacaracola5,maitegalega
protestona1,maitegalega
AnovaPontevedra,maitegalega
FdezMariola,AnaPerezMartin
KikeMlaga,AnaPerezMartin
SanRGalafate,AnaPerezMartin
NBAMaria38,AnaPerezMartin
_Juan__A,FaluaRo
pilar212121,FaluaRo
javierfagreda,FaluaRo
carolacaracola5,FaluaRo
MLCabezuelo,FaluaRo
YoCambio20D,FaluaRo
VayekanadeAlba,FaluaRo
Ruben288397261,FaluaRo
nanuk60,FaluaRo
velajimenez69,FaluaRo
mpilarita4121,BegoLaserna
PP_Redes,BegoLaserna
Sufridor361,BegoLaserna
paquicg7,BegoLaserna
alexnunez87,BegoLaserna
FdezMariola,BegoLaserna
capadociados,BegoLaserna
ROSAMARABEZ,BegoLaserna
Lorenescfan,BegoLaserna
manuel_becerrea,BegoLaserna
4444isa,BegoLaserna
MarCarballas,BegoLaserna
mestherplaza,BegoLaserna
2011pau,BegoLaserna
SanRGalafate,BegoLaserna
AlieNomPuto,StalinDuro
matteofotograf,demigueldiaz
abeijon47,demigueldiaz
filete12,demigueldiaz
caval100,demigueldiaz
nalalop,demigueldiaz
homopestis,demigueldiaz
javierfagreda,demigueldiaz
_Juan__A,jesusrubio111
Virginia_Otis,salvemoscabana
Gilianxy,salvemoscabana
SeijoDani,salvemoscabana
NuevaRevoluci0n,salvemoscabana
mgarpaz3,salvemoscabana
Vitoquive,salvemoscabana
joamma,salvemoscabana
ccarbaiedo,salvemoscabana
anareypaz,salvemoscabana
PatriziaF2,salvemoscabana
IneditaInes,salvemoscabana
claudiamoran90,salvemoscabana
matagalbanas,salvemoscabana
sara_te,salvemoscabana
cazamedrentes,salvemoscabana
AnovaPontevedra,salvemoscabana
nunegzsc,salvemoscabana
rafagutterrnan,walon716
SocialMaresme,walon716
monograficotwit,walon716
JL_SR2015,walon716
MarineR14350419,paquicg7
2011pau,paquicg7
alexnunez87,paquicg7
BegoLaserna,paquicg7
Lorenescfan,paquicg7
SanRGalafate,paquicg7
KikeMlaga,paquicg7
Rosablanca1965,breadfan33
gelpad,breadfan33
javierfagreda,marpilcor
andresnosenada,marpilcor
caval100,marpilcor
SocialMaresme,MarBcn04
JrealJavireal,MarBcn04
RamonTaraz,MarBcn04
mariadenines4,MarBcn04
Nuri10137949,MarBcn04
nanuk60,MarBcn04
DINGO40378066,MarBcn04
MLCabezuelo,MarBcn04
AxturCelta,MarBcn04
savanana05,MarBcn04
pedro_cordob,MarBcn04
CamelloDeRivera,MarBcn04
chispa34720356,MarBcn04
garciahidalgo71,MarBcn04
verdes_brotes,MarBcn04
protestona1,MarBcn04
abeijon47,MarBcn04
andresnosenada,MarBcn04
VayekanadeAlba,MarBcn04
YoCambio20D,MarBcn04
kikupipo,MarBcn04
VientosOrihuela,MarBcn04
Mari_Sol_GH,MarBcn04
nalalop,MarBcn04
foneldelmonton,AlexCedron
Francis98204014,AngryGalician
VientosOrihuela,AngryGalician
fer2365,AngryGalician
SocialMaresme,AngryGalician
carolacaracola5,AngryGalician
VayekanadeAlba,AngryGalician
abeijon47,aldiaes
MLCabezuelo,aldiaes
manubertran10,aldiaes
VayekanadeAlba,aldiaes
SubversR,aldiaes
jltosco,aldiaes
maria_mariht,aldiaes
javierfagreda,aldiaes
velajimenez69,aldiaes
pintax99,aldiaes
JL_SR2015,aldiaes
protestona1,aldiaes
nalalop,aldiaes
nanuk60,aldiaes
Cazatalentos,aldiaes
filete12,nanuk60
carmesarra,nanuk60
luciapitelhuert,nanuk60
IsabelQuintansR,nanuk60
SocialMaresme,nanuk60
JohnnyWTF_max,nanuk60
Nuri10137949,nanuk60
pilar212121,nanuk60
DINGO40378066,nanuk60
MarBcn04,nanuk60
monograficotwit,nanuk60
VientosOrihuela,nanuk60
velajimenez69,nanuk60
Ruben288397261,nanuk60
Xielox1,nanuk60
FaluaRo,nanuk60
Sentid2016Comun,nanuk60
CamelloDeRivera,nanuk60
andresnosenada,nanuk60
carolacaracola5,nanuk60
palimoka,nanuk60
QVEF_Islote_Per,nanuk60
everian777,nanuk60
liverpooldavidm,nanuk60
menudotiarro,nanuk60
Alejandra851976,nanuk60
Crisbb96,nanuk60
protestona1,nanuk60
javierfagreda,nanuk60
garciahidalgo71,nanuk60
MLCabezuelo,nanuk60
pepito_grillo55,nanuk60
NuevaRevoluci0n,nanuk60
altoba1965,nanuk60
VayekanadeAlba,nanuk60
silversampler,nanuk60
Davader09R,nanuk60
brandydh22,nanuk60
JrealJavireal,nanuk60
aldiaes,nanuk60
ISMVALSyR,nanuk60
Cazatalentos,nanuk60
VayekanadeAlba,pintax99
abeijon47,pintax99
margaritaport10,pintax99
Ruben288397261,pintax99
ISMVALSyR,pintax99
jltosco,pintax99
MCteloARDILA,pintax99
nalalop,pintax99
javierfagreda,pintax99
CamelloDeRivera,pintax99
aldiaes,pintax99
protestona1,pintax99
JL_SR2015,pintax99
cleosagas1,pintax99
menudotiarro,pintax99
caval100,pintax99
everian777,patrimarly
Sentid2016Comun,patrimarly
menudotiarro,patrimarly
javierfagreda,patrimarly
manubertran10,patrimarly
Rosablanca1965,patrimarly
carolacaracola5,patrimarly
caval100,patrimarly
Cazatalentos,patrimarly
miaulunaaa,patrimarly
MnicaMollina,patrimarly
isaprospe,patrimarly
LauraPalmerT,kaluapiscis
belindassoy,kaluapiscis
mrswallace87,kaluapiscis
filete12,begonys
monograficotwit,begonys
PenelopeAYAS,begonys
Sentid2016Comun,begonys
Mari_Sol_GH,begonys
Ruben288397261,begonys
garciahidalgo71,begonys
Berkhl,begonys
jorgenavasalejo,begonys
RamirezSote,begonys
Cazatalentos,begonys
Kela_la_la,begonys
Crisbb96,begonys
caval100,begonys
protestona1,begonys
Davader09R,begonys
JrealJavireal,begonys
mpilarita4121,SanRGalafate
PP_Redes,SanRGalafate
Sufridor361,SanRGalafate
2011pau,SanRGalafate
paquicg7,SanRGalafate
capadociados,SanRGalafate
alexnunez87,SanRGalafate
4444isa,SanRGalafate
Lorenescfan,SanRGalafate
ROSAMARABEZ,SanRGalafate
EvaJardn,SanRGalafate
FdezMariola,SanRGalafate
AnaPerezMartin,SanRGalafate
bpgem,SanRGalafate
KikeMlaga,SanRGalafate
NBAMaria38,SanRGalafate
BegoLaserna,SanRGalafate
carolacaracola5,andresantosgago
SocialMaresme,YoCambio20D
cleosagas1,YoCambio20D
claudiarivero00,YoCambio20D
anareypaz,YoCambio20D
CamelloDeRivera,YoCambio20D
MLCabezuelo,YoCambio20D
chispa34720356,YoCambio20D
JL_SR2015,YoCambio20D
Nuri10137949,YoCambio20D
garciahidalgo71,YoCambio20D
andresnosenada,YoCambio20D
manubertran10,YoCambio20D
QVEF_Islote_Per,YoCambio20D
Vitoquive,YoCambio20D
MarBcn04,YoCambio20D
Ruben288397261,YoCambio20D
savanana05,YoCambio20D
JrealJavireal,YoCambio20D
nalalop,YoCambio20D
Sentid2016Comun,YoCambio20D
VayekanadeAlba,YoCambio20D
VientosOrihuela,YoCambio20D
carolacaracola5,YoCambio20D
everian777,YoCambio20D
IsabelQuintansR,YoCambio20D
pepito_grillo55,YoCambio20D
menudotiarro,YoCambio20D
caval100,YoCambio20D
PanPanizo,BarbaFrancisco
menudotiarro,BarbaFrancisco
VientosOrihuela,BarbaFrancisco
Ruben288397261,BarbaFrancisco
AlieNomPuto,BarbaFrancisco
Sentid2016Comun,BarbaFrancisco
Cazatalentos,BarbaFrancisco
javierfagreda,BarbaFrancisco
carolacaracola5,BarbaFrancisco
caval100,BarbaFrancisco
veranoaz,BarbaFrancisco
andresnosenada,Vitoquive
MariaAlmudena17,Vitoquive
YoCambio20D,Vitoquive
garciahidalgo71,Vitoquive
mgarpaz3,Vitoquive
carolacaracola5,Vitoquive
VientosOrihuela,Vitoquive
pepito_grillo55,Vitoquive
caval100,Vitoquive
CamelloDeRivera,JohnnyWTF_max
VayekanadeAlba,JohnnyWTF_max
AlieNomPuto,JohnnyWTF_max
nanuk60,JohnnyWTF_max
manubertran10,JohnnyWTF_max
_83607_,JohnnyWTF_max
arnau_borras,JohnnyWTF_max
silversampler,JohnnyWTF_max
garciahidalgo71,JohnnyWTF_max
carolacaracola5,JohnnyWTF_max
velajimenez69,JohnnyWTF_max
pepito_grillo55,JohnnyWTF_max
Alejandra851976,uxiayeva
SanRGalafate,villaviridisdh
Ruben288397261,Nemesiswings
IsabelQuintansR,LauraPalmerT
mrswallace87,LauraPalmerT
kaluapiscis,LauraPalmerT
rcko3,LauraPalmerT
Ruben288397261,LauraPalmerT
maslibroz,cppu04
CamelloDeRivera,cppu04
nalalop,cppu04
JrealJavireal,cppu04
AnovaPontevedra,hachepesar
SedeMafia,HernandoIrene
veranoaz,HernandoIrene
everian777,HernandoIrene
MLCabezuelo,HernandoIrene
andres_cartero,HernandoIrene
pedro_cordob,HernandoIrene
EinarJavier,HernandoIrene
pinelkike,HernandoIrene
Yemanjauno,HernandoIrene
JrealJavireal,HernandoIrene
QVEF_Islote_Per,HernandoIrene
seluirodriguez,HernandoIrene
margaritaport10,HernandoIrene
RusoMikel,HernandoIrene
fer2365,HernandoIrene
Davader09R,HernandoIrene
monograficotwit,HernandoIrene
velajimenez69,HernandoIrene
cleosagas1,HernandoIrene
Cazatalentos,HernandoIrene
Alejandra851976,HernandoIrene
protestona1,HernandoIrene
manubertran10,Davader09R
Sentid2016Comun,Davader09R
begonys,Davader09R
VayekanadeAlba,Davader09R
nanuk60,Davader09R
reginadorubia,Davader09R
JrealJavireal,Davader09R
caval100,Davader09R
cortesangelama,hadita85
_83607_,lourdesobrull
manubertran10,lourdesobrull
_Juan__A,VayekanadeAlba
tifanni9,VayekanadeAlba
P_AlicanteOeste,VayekanadeAlba
luciapitelhuert,VayekanadeAlba
JohnnyWTF_max,VayekanadeAlba
juliacl60,VayekanadeAlba
musiqueta51,VayekanadeAlba
SedeMafia,VayekanadeAlba
Manuela34537619,VayekanadeAlba
JacintaLaPunky,VayekanadeAlba
AngryGalician,VayekanadeAlba
albertmaruny,VayekanadeAlba
mariadenines4,VayekanadeAlba
IsabelQuintansR,VayekanadeAlba
baires1965,VayekanadeAlba
purpureamemoria,VayekanadeAlba
Nuri10137949,VayekanadeAlba
AxturCelta,VayekanadeAlba
chispa34720356,VayekanadeAlba
YoCambio20D,claudiarivero00
geluniet,abeijon47
sempre64,abeijon47
Manuela34537619,abeijon47
SedeMafia,abeijon47
SoyAbuelitaPaz,abeijon47
nalalop,abeijon47
SocialMaresme,abeijon47
JacintaLaPunky,abeijon47
SeijoDani,abeijon47
demigueldiaz,abeijon47
silversampler,abeijon47
Rosablanca1965,abeijon47
maitegalega,abeijon47
mariadenines4,abeijon47
Nuri10137949,abeijon47
MLCabezuelo,abeijon47
Ruben288397261,abeijon47
Cazatalentos,abeijon47
AxturCelta,abeijon47
chispa34720356,abeijon47
AlieNomPuto,abeijon47
MarBcn04,abeijon47
andresnosenada,abeijon47
jmmanuel103,abeijon47
rafagutterrnan,Gassanyya
verdes_brotes,Gassanyya
VayekanadeAlba,Gassanyya
madevate,Gassanyya
nalalop,Gassanyya
SocialMaresme,Gassanyya
RamonTaraz,Gassanyya
javierfagreda,Gassanyya
Cazatalentos,Gassanyya
caval100,Gassanyya
jmmanuel103,Gassanyya
NikoDimitratos,Gassanyya
MLCabezuelo,silversampler
abeijon47,silversampler
JohnnyWTF_max,silversampler
maria_mariht,silversampler
Ruben288397261,silversampler
javierfagreda,silversampler
Sentid2016Comun,silversampler
QVEF_Islote_Per,silversampler
manubertran10,silversampler
foneldelmonton,silversampler
VayekanadeAlba,silversampler
caval100,silversampler
menudotiarro,silversampler
javierfagreda,ALF_2000
manubertran10,ALF_2000
andresnosenada,ALF_2000
ISMVALSyR,ALF_2000
menudotiarro,ALF_2000
caval100,ALF_2000
nalalop,clvor
belindassoy,clvor
caval100,clvor
javierfagreda,ccallegil
caval100,ccallegil
MLCabezuelo,67redax
garciahidalgo71,67redax
pepito_grillo55,67redax
AxturCelta,67redax
caval100,CambiaLogrono
RdukeRuben,fatimar56
soniapillado70,fatimar56
Cazatalentos,fatimar56
caval100,jlmolpeceresn
carolacaracola5,ConchaCeballos1
nalalop,ConchaCeballos1
carolacaracola5,20campy
QuintansMontero,Joseant56346744
Sentid2016Comun,Joseant56346744
Ruben288397261,Joseant56346744
VayekanadeAlba,P_AlicanteOeste
velajimenez69,P_AlicanteOeste
everian777,P_AlicanteOeste
caval100,P_AlicanteOeste
VientosOrihuela,P_AlicanteOeste
andresnosenada,P_AlicanteOeste
carolacaracola5,P_AlicanteOeste
belindassoy,P_AlicanteOeste
CamelloDeRivera,P_AlicanteOeste
margaritaport10,chulita1212
abeijon47,chulita1212
javierfagreda,chulita1212
velajimenez69,chulita1212
manubertran10,chulita1212
AlieNomPuto,chulita1212
nalalop,chulita1212
SocialMaresme,chulita1212
everian777,Maryluz1008
_Juan__A,Maryluz1008
homopestis,Maryluz1008
Ruben288397261,Maryluz1008
javierfagreda,Maryluz1008
solounahormiga,Maryluz1008
Rosablanca1965,Maryluz1008
chispa34720356,Maryluz1008
CamelloDeRivera,Maryluz1008
pepito_grillo55,Maryluz1008
JacintaLaPunky,Maryluz1008
SocialMaresme,Maryluz1008
MLCabezuelo,Maryluz1008
carolacaracola5,Maryluz1008
JrealJavireal,Maryluz1008
mariadenines4,Maryluz1008
savanana05,Maryluz1008
manubertran10,Maryluz1008
7albatros,Maryluz1008
RamonTaraz,Maryluz1008
Sentid2016Comun,Maryluz1008
belindassoy,Maryluz1008
caval100,Maryluz1008
azukikiyo,Maryluz1008
KikeMlaga,capadociados
BegoLaserna,capadociados
filete12,cadenise79
SocialMaresme,cadenise79
chulita1212,cadenise79
andresnosenada,cadenise79
matagalbanas,cadenise79
caval100,cadenise79
